block,count
1,54
2,80
3,69
4,59
5,59
6,64
7,79
8,80
9,68
10,44
11,2
12,109
0013A,56
14,56
15,29
16,29
17,47
18,61
19,78
20,113
21,111
22,16
23,48
0023A,40
0023B,14
24,6
26,101
27,96
28,7
31,81
32,72
34,71
35,40
0036A,62
0036B,47
37,66
0037A,50
38,3
40,5
41,54
42,113
43,44
44,48
45,48
46,1
47,67
49,62
50,95
53,75
54,45
0055A,33
0055B,92
0055C,86
0055D,85
0056A,28
57,20
58,96
59,85
60,37
61,56
62,42
63,63
64,60
65,75
66,66
67,17
69,1
70,18
71,88
72,116
73,47
74,85
75,64
76,85
77,81
78,69
79,41
80,26
81,2
82,65
83,103
84,84
85,61
86,53
87,57
89,65
90,43
91,1
92,35
93,4
94,92
95,104
96,97
97,64
98,67
100,2
101,47
102,50
103,53
104,57
105,20
106,108
107,98
108,64
109,35
110,54
112,68
113,52
114,59
115,92
116,38
117,37
118,115
119,115
120,93
121,69
122,71
123,56
124,44
125,55
126,55
127,63
128,95
129,111
130,1
144,20
145,55
146,17
147,73
148,70
149,77
150,69
151,65
152,60
153,49
154,44
155,85
156,85
157,36
158,42
159,42
0159A,42
160,92
161,89
162,123
163,114
164,116
165,24
166,77
167,1
168,41
169,42
170,44
171,1
172,72
173,3
174,69
175,102
176,62
177,86
178,77
179,68
180,52
181,47
182,1
183,1
184,19
185,165
187,93
188,33
189,54
190,92
191,2
192,104
193,84
194,85
195,79
196,52
197,55
198,44
199,30
200,98
202,56
203,22
204,105
205,72
206,72
207,69
208,32
209,26
210,6
211,9
212,38
213,31
214,41
215,48
216,54
217,53
218,69
219,81
220,25
221,46
222,106
223,67
224,34
225,5
226,22
227,62
228,48
229,1
230,1
231,37
232,49
233,81
234,70
235,94
237,58
238,63
239,66
240,11
241,35
242,105
243,93
244,74
245,42
246,56
247,56
248,70
249,76
250,92
251,67
252,82
253,83
254,70
255,20
257,14
258,62
259,37
260,110
261,48
262,95
263,75
264,80
265,99
0266A,71
0266B,42
267,10
269,44
270,48
271,108
272,99
273,98
274,102
275,135
276,99
277,76
279,98
280,107
281,81
282,60
283,88
284,137
285,96
288,108
289,58
290,17
291,77
292,12
293,91
294,85
295,2
296,11
297,34
298,91
299,92
300,1
0300B,50
0300C,88
301,45
302,83
303,89
304,41
305,1
306,45
307,71
308,94
309,41
310,24
311,3
312,4
313,88
314,84
315,42
316,39
317,27
319,26
320,76
321,102
322,45
323,37
324,16
325,94
327,95
328,114
329,52
330,34
331,30
332,41
334,42
336,22
337,37
338,84
339,48
340,43
341,30
342,14
343,20
344,43
345,78
347,40
348,46
349,20
350,3
352,2
353,19
354,28
355,42
359,46
360,33
361,13
362,26
363,44
364,17
365,1
366,4
367,17
368,25
369,41
372,34
373,76
374,22
375,40
376,38
377,39
378,32
379,27
380,46
381,21
382,33
383,39
384,41
386,12
387,21
388,24
389,45
390,34
391,48
392,67
393,86
394,38
396,76
397,21
398,1
399,21
400,54
401,21
402,27
403,40
404,36
407,22
408,34
409,57
410,49
411,80
412,71
413,22
414,37
415,68
416,23
417,1
418,13
419,49
420,23
421,40
422,30
423,27
425,8
427,4
428,33
429,17
430,78
431,93
432,27
433,5
435,1
436,1
438,5
440,2
442,6
446,5
447,8
448,1
452,102
454,80
455,20
457,1
458,1
459,3
460,3
464,4
465,4
466,27
467,55
468,33
469,45
470,53
473,21
0474A,3
475,2
476,3
478,2
480,144
482,18
483,17
484,329
485,26
486,56
488,8
489,9
490,32
492,5
494,4
495,36
496,79
497,265
498,40
499,110
500,42
501,318
503,47
504,12
505,53
506,232
507,147
508,119
509,123
510,16
511,28
512,32
513,50
514,67
515,54
516,52
517,53
518,22
519,9
521,33
522,43
523,20
524,19
526,51
527,20
528,1
529,1
530,84
531,2
532,19
534,18
535,1
536,2
537,1
539,5
540,66
544,8
546,22
0547A,30
0547B,111
549,4
550,52
551,32
552,52
553,3
554,5
560,13
561,13
562,22
563,23
564,14
565,4
566,27
571,66
574,2
575,32
576,22
577,19
578,49
579,19
580,23
581,13
583,12
584,11
585,2
586,96
588,1
589,11
590,3
591,8
592,27
593,3
595,18
596,13
597,30
598,16
599,32
600,15
601,46
603,10
605,1
606,6
607,3
608,23
610,6
611,2
612,10
613,98
0613A,1
616,14
617,24
618,9
619,21
620,34
621,18
623,25
624,1
625,1
626,24
630,15
631,9
632,5
633,17
635,7
636,5
637,5
638,2
642,17
643,7
644,1
648,6
649,13
650,13
651,8
654,10
655,27
660,10
661,19
662,16
663,4
666,4
667,6
668,11
669,2
670,4
671,3
672,2
673,5
674,48
675,71
676,1
677,8
678,1
679,1
682,3
683,2
0685A,105
0685B,38
686,31
688,1
0688A,3
0688B,1
0688C,16
692,8
694,3
695,52
696,111
697,50
698,110
699,95
700,5
701,58
702,57
703,52
704,16
705,12
706,38
707,85
708,105
709,32
710,19
711,43
712,44
713,25
714,25
717,3
718,28
0719A,90
0719B,28
720,42
721,1
731,4
734,2
748,1
758,131
767,118
768,154
769,134
770,6
773,12
777,112
778,59
779,110
780,152
788,7
789,59
790,133
791,157
795,4
799,10
801,108
807,31
811,54
812,5
814,4
818,32
820,48
825,1
828,17
831,3
833,18
836,8
837,16
838,1
839,6
840,8
841,3
842,1
0844A,14
845,1
846,34
0847A,6
0847B,44
848,30
849,1
850,97
851,65
852,60
853,1
854,52
855,45
0856A,74
0856B,22
857,60
858,143
859,43
861,71
863,1
867,93
868,104
869,1
874,101
876,179
883,65
885,89
887,6
890,29
894,69
895,63
896,65
899,24
900,25
901,30
902,50
903,5
904,53
905,68
906,77
907,68
908,1
909,1
916,63
917,18
918,139
919,43
921,10
922,42
932,63
933,58
0934A,49
0934B,44
0935A,29
936,18
937,73
938,107
946,10
947,18
948,64
949,42
950,34
951,54
952,60
954,1
958,2
961,3
962,13
963,48
964,50
965,67
966,315
967,113
969,3
970,2
971,1
972,1
973,1
974,1
975,20
976,104
977,54
978,66
979,63
980,51
981,18
982,56
983,62
984,1
985,2
987,2
992,95
993,61
995,19
996,15
997,90
998,65
1002,86
1003,56
1004,49
1005,47
1006,48
1007,53
1008,64
1009,43
1012,102
1013,86
1014,60
1015,107
1016,45
1020,84
1021,84
1022,58
1023,91
1024,60
1025,96
1028,10
1029,64
1030,84
1031,77
1032,1
1036,3
1037,17
1038,3
1040,2
1045,1
1049,1
1050,11
1053,17
1055,2
1058,6
1060,8
1073,2
1078,2
1079,1
1095,39
1096,58
1097,1
1098,50
1099A,61
1099B,98
1100,59
1101,102
1102,128
1103,73
1104,83
1106,11
1107,60
1108,87
1109,100
1110,61
1111,113
1112,48
1113,19
1114,45
1115,15
1116,44
1117,65
1118,110
1119,2
1120,59
1121,51
1122,29
1123,20
1124,18
1125,89
1126,87
1127,99
1128,22
1131,49
1132,50
1135,38
1136,2
1137,60
1138,117
1142A,39
1143,67
1144,76
1145,79
1146,59
1147,19
1148,20
1149A,34
1149B,22
1150,62
1151,93
1152,56
1154,16
1155,101
1156,64
1157,75
1158,97
1160,31
1161,41
1162,73
1163,74
1164A,98
1164B,44
1165B,26
1166,37
1167,37
1168,42
1169,79
1170,1
1171,1
1172,51
1174,77
1175,33
1177,53
1179B,33
1180,20
1181,52
1182,42
1183,81
1184,59
1185,1
1186,2
1187,1
1188,59
1189,53
1190,3
1191,34
1194,28
1197,5
1201,3
1202,6
1207,41
1208,62
1209,41
1212,3
1215,41
1222,60
1223,29
1226,15
1227,37
1228,57
1230,1
1231,1
1232,1
1233,2
1234,6
1235,1
1236,1
1237,50
1238,1
1242,35
1243,1
1245,2
1246,6
1248,2
1250,10
1251,1
1255,2
1255A,2
1256,2
1257,1
1261,1
1263A,2
1264,3
1265A,5
1265B,1
1266,2
1267,4
1268,15
1269,17
1271,13
1272,10
1273,5
1276,18
1277,59
1278,5
1280,6
1283,8
1284,13
1285,8
1286,21
1288,42
1290,10
1294,2
1295,7
1301,47
1302,1
1303A,13
1303B,1
1304,2
1304B,2
1306C,9
1306D,1
1308,2
1310,25
1316,1
1317,2
1318,2
1319,4
1320,3
1322,6
1324,11
1330,4
1331,15
1334,4
1335,14
1336,3
1337,1
1338,5
1339,9
1340,6
1341,3
1342,46
1343,47
1344,13
1345,41
1346,89
1347,14
1348,9
1349,3
1350,330
1351,16
1352,8
1356,14
1358,6
1359,224
1360,20
1361,6
1362,35
1364,37
1365,5
1366,3
1367,47
1368,12
1369,30
1370,1
1371,3
1372,1
1375,5
1377,10
1380,40
1381,10
1384,4
1385,1
1386,3
1391,2
1392,31
1393,1
1395,30
1404,448
1406,7
1407,13
1408,27
1409,25
1410,1
1412,22
1413,13
1414,38
1415,28
1416,33
1417,1
1418,1
1419,47
1421,18
1422,12
1423,33
1424,54
1425,19
1426,2
1427,1
1428,33
1429,9
1430,23
1431,10
1432,19
1433,31
1434,49
1435,50
1438,3
1439,6
1440,19
1441,4
1442,6
1443,5
1444,65
1445,68
1446,114
1447,126
1448,120
1449,134
1450,117
1451,80
1452,32
1453,36
1454,99
1455,72
1456,123
1457,87
1458,89
1459,98
1460,56
1462,3
1463,92
1464,93
1466,46
1467,91
1468,88
1469,59
1471,44
1473,95
1474,90
1476,14
1476A,14
1476B,97
1476F,74
1477,119
1478,91
1479,79
1480,52
1481,3
1482,43
1483,84
1484,84
1485,58
1486,72
1487,37
1488,50
1489,60
1490,12
1491,55
1492,28
1494,89
1495,1
1496,39
1497,16
1498,54
1499,65
1500,34
1501,32
1502,1
1503,65
1504,88
1505,59
1506,93
1507,2
1508,32
1509,32
1510,64
1511,32
1513,66
1515,8
1516,62
1517,124
1518,1
1519,68
1520,81
1521,78
1522,84
1523,58
1524,31
1524A,30
1525,37
1526,18
1528,36
1529,81
1530,18
1531,42
1532,18
1533,35
1534,54
1535,36
1536,91
1537,62
1538,46
1539,90
1540,92
1541,10
1542,84
1543,84
1544,55
1547,38
1548,55
1549,83
1550,1
1551,34
1552,1
1553,106
1554,73
1555,88
1556,68
1557,65
1558,68
1564,59
1565,58
1566,69
1567,35
1568,104
1569,34
1570,90
1572,39
1573,56
1574,73
1575,71
1576,96
1581,1
1582,1
1583,3
1584,4
1585,1
1586,136
1587,145
1588,133
1589,123
1590,103
1591,109
1592,68
1593,52
1594,71
1595,69
1596,17
1597,1
1600,1
1602,87
1603,87
1604,74
1605,21
1606,96
1607,93
1608,94
1609,90
1610,84
1611,90
1612,90
1613,56
1616,4
1619,1
1620,3
1621,75
1622,79
1623,86
1624,85
1625,81
1626,92
1627,89
1628,92
1629,76
1630,24
1631,15
1633,4
1634,1
1635,36
1636,31
1637,29
1638,18
1639,45
1640,84
1641,49
1642,95
1643,97
1644,57
1645,94
1646,94
1647,73
1649,43
1650,45
1651,48
1652,63
1653,81
1654,88
1655,86
1656,86
1657,90
1658,87
1659,89
1660,82
1661,74
1662,66
1666,68
1667,36
1668,49
1669,89
1670,103
1671,84
1672,98
1673,94
1674,97
1675,94
1676,96
1677,76
1678,117
1678A,12
1681,1
1684,2
1685,2
1686,57
1687,73
1688,100
1689,59
1690,103
1691,110
1692,53
1693,72
1694,67
1695,28
1695A,17
1699,3
1701,50
1702,2
1703,2
1705,79
1706,101
1707,107
1708,118
1708B,1
1709,115
1710,107
1711,114
1712,122
1713,152
1714,172
1715,82
1716,56
1716A,7
1716B,9
1716C,3
1717,7
1719,54
1721,65
1722,101
1723,66
1724,85
1725,85
1726,94
1727,90
1728,51
1729,94
1730,96
1731,94
1732,54
1733,39
1733A,38
1734,73
1735,47
1736,48
1737,82
1738,64
1739,74
1740,3
1741,95
1742,101
1743,92
1744,92
1745,102
1746,80
1747,90
1748,57
1749,54
1750,100
1751,100
1752,53
1753,106
1754,134
1755,104
1756,142
1757,99
1758,121
1761,159
1762,69
1763,89
1764,85
1765,122
1766,93
1767,100
1770,91
1771,90
1772,81
1773,78
1774,76
1775,57
1776,104
1779,79
1780,70
1781,68
1782,72
1783,53
1784,53
1785,96
1786,84
1787,62
1788,93
1789,93
1790,88
1791,44
1792,88
1793,89
1794,52
1797,1
1798,2
1799,4
1799A,357
1800,6
1801,99
1802,2
1804,1
1805,3
1806,4
1807,51
1808,13
1809,29
1810,36
1811,74
1812,3
1815,3
1816,2
1817,4
1818,164
1819,49
1820,43
1825,5
1826,4
1827,8
1828,76
1829,51
1830,68
1831,51
1832,25
1833,20
1834,52
1835,33
1836,83
1837,106
1838,89
1839,27
1840,46
1841,96
1842,94
1843A,94
1843B,188
1843C,94
1844,80
1845,74
1846,73
1847,22
1849,31
1849A,18
1850A,1
1851,23
1853,24
1854,89
1855,90
1856,44
1857,46
1858,62
1859,41
1860,85
1861,45
1862,41
1864,90
1865,90
1866,76
1867,85
1868,71
1869,88
1870,89
1871,84
1872,1
1873,26
1874,308
1874A,298
1875,17
1876,2
1876B,13
1877,107
1878,71
1879,90
1880,92
1881,46
1882,38
1883,49
1884,63
1885,57
1886,74
1888,1
1889,20
1890,37
1891,58
1892,67
1893,90
1895,26
1896,50
1897,40
1898,25
1900,1
1901,11
1902A,1
1902B,83
1902C,141
1902E,278
1902F,90
1903,7
1903A,5
1903B,2
1903C,7
1903D,3
1907,1
1911,38
1912,7
1913,22
1915,126
1918,55
1919,95
1920,37
1922,778
1923,99
1924C,109
1925A,37
1927A,35
1929,49
1930,103
1930A,58
1931,98
1932,62
1933,71
1934,46
1935,88
1936,94
1938,39
1940,1
1941,97
1942,47
1943,99
1944,49
1945,78
1946,39
1947,1
1950,1
1958,2
1976,2
1981B,38
1982,26
1987B,8
1988B,44
1989,41
1991,22
1992,21
1998A,5
1998B,5
1999B,2
2002B,72
2003A,30
2003B,24
2004,143
2005,117
2006A,34
2010,22
2011,76
2012,1
2013,29
2014A,4
2015B,37
2016,72
2017,3
2018A,13
2018B,70
2019A,70
2019B,58
2020,124
2021,122
2022A,73
2022B,39
2024,446
2028,113
2029,15
2034,21
2034A,42
2040,6
2058A,3
2059,1
2065,2
2100,109
2101,4
2107A,38
2108,7
2108A,22
2108B,31
2108C,4
2109,104
2110,57
2113,85
2118,97
2121A,22
2123A,34
2123B,111
2127,82
2131B,165
2132,29
2134,76
2135A,2
2136,58
2137,65
2138,61
2139,3
2140,93
2141,51
2142,60
2145A,6
2145B,43
2145C,1
2150,31
2151,18
2152,24
2153,121
2154,60
2155,26
2157,21
2163,34
2164,29
2165,66
2167B,61
2169,111
2170A,99
2170B,84
2171,80
2173,23
2174A,97
2174B,20
2175,102
2176,121
2177,79
2178,91
2179,47
2183,25
2183A,11
2183B,7
2183C,66
2183D,2
2185,7
2195,56
2197,41
2198,33
2199,2
2199A,16
2199B,7
2199C,41
2199D,41
2199E,23
2199F,5
2199G,16
2199H,10
2201,77
2202,10
2205,95
2206A,30
2206B,95
2207,8
2209,4
2213A,68
2213B,130
2215,8
2216,39
2217,20
2218,69
2219,54
2222,10
2222B,14
2230B,50
2230C,21
2230D,41
2230E,42
2230F,50
2230G,64
2230H,5
2230I,39
2230J,30
2230K,30
2230L,56
2243A,23
2243B,132
2243C,66
2244A,43
2244B,12
2245,3
2247,53
2248,31
2249A,52
2251,55
2252,77
2252A,45
2253,69
2254,44
2255,47
2256,47
2275,57
2275A,136
2275B,84
2275C,90
2275D,54
2275E,55
2280,38
2281,303
2281A,19
2281B,47
2282,54
2283,74
2284,38
2285,24
2286,47
2289,55
2290A,32
2292,36
2292A,51
2293,36
2294,36
2295,61
2297,30
2298,24
2298A,24
2298B,24
2299,30
2299A,38
2299B,37
2299C,69
2299D,44
2299E,62
2300,43
2301,63
2302,53
2303,43
2304,38
2305,38
2306,38
2306A,50
2307,36
2307A,55
2308,33
2309,43
2310,20
2311,44
2312,4
2313,2
2314,24
2315,60
2317A,2
2317B,1
2318,52
2319,68
2320,45
2320A,56
2321,1
2322,60
2323,73
2324,70
2325,58
2328,1
2330,10
2332C,58
2332D,52
2335A,1
2336,33
2344,22
2345,48
2347,30
2348,38
2349,61
2350,81
2351,43
2352,80
2353,34
2356,1
2358,67
2359,70
2360,61
2361,39
2362,68
2363,35
2364,48
2364A,48
2365,51
2366,46
2367,25
2369,19
2370,24
2372,27
2373,48
2375,21
2377A,98
2377B,53
2377C,84
2377D,101
2377E,40
2377F,53
2378,57
2379B,42
2380,67
2381,2
2382,53
2384,18
2385,81
2386,23
2387,39
2388,70
2388A,81
2389,31
2390,3
2391,68
2393,71
2394,49
2395,67
2396B,24
2400,42
2401A,42
2401B,48
2402,92
2403,54
2404,72
2405A,1
2406,116
2407,56
2408,69
2409A,81
2409B,82
2409C,11
2411,58
2418,53
2419,81
2424A,11
2424B,72
2425,48
2426,49
2427,24
2429,20
2432,31
2433B,19
2434,16
2438,37
2439,29
2440,47
2441,46
2442,49
2442A,40
2442B,94
2442C,42
2442D,14
2443A,45
2443B,23
2444,58
2445,67
2446A,21
2446B,58
2447,83
2448,54
2449,41
2450,67
2451,97
2452,90
2454,51
2454C,50
2455,20
2463,5
2470,68
2471,1
2472,29
2475,62
2475A,5
2475C,86
2475D,61
2475E,46
2475F,38
2475G,3
2475H,74
2475I,1
2481,40
2482,11
2482B,56
2483,50
2484,81
2485,67
2486,70
2487,121
2488,26
2489,60
2491,55
2491A,55
2491B,36
2491C,1
2500,4
2500A,6
2500B,8
2500C,64
2501,98
2503,83
2504,100
2505,24
2505A,117
2506,23
2506A,55
2507,21
2507A,59
2508,80
2509,13
2509A,22
2510,41
2511,12
2512,30
2512A,22
2513,79
2514,42
2514A,42
2515,42
2515A,42
2516,76
2517,32
2517A,22
2518,65
2520,33
2520A,22
2521,69
2522,42
2523,42
2523A,28
2523B,11
2524,39
2525,60
2526,35
2526A,22
2527,257
2528,12
2528A,1
2528C,163
2528D,31
2528E,48
2528F,48
2528G,11
2528H,34
2528J,67
2528K,55
2530,33
2530A,114
2530B,1
2530C,623
2530D,56
2532,59
2532A,19
2533,54
2535,43
2537,40
2538,44
2539,26
2540,81
2541,72
2542,51
2543,26
2544,16
2545,38
2546,32
2548,37
2550,6
2550A,207
2700,14
2700A,9
2701,17
2702,18
2703,14
2704,17
2705,22
2706,15
2707,10
2708,19
2709,22
2710,52
2712,21
2713,19
2716,56
2717,71
2717A,50
2718,47
2721,27
2722,30
2722A,16
2722B,10
2725,38
2726,20
2727,17
2728,18
2729,15
2730,22
2732,11
2732A,13
2733,18
2734,18
2734A,7
2735,11
2736,20
2737,14
2737A,10
2738,29
2739,40
2740,14
2741,26
2741A,30
2742,23
2742A,26
2743,15
2743A,24
2744,31
2744A,37
2745,31
2748,16
2748A,21
2748B,49
2748C,57
2748D,38
2748E,28
2748F,9
2750,49
2750A,30
2750B,40
2752,69
2752A,33
2754,50
2755,49
2800,44
2801,4
2802,2
2804A,39
2804B,51
2805A,14
2808,48
2809,38
2810,17
2811,3
2812,17
2813,22
2814,26
2817,57
2818,17
2819,16
2820,12
2821,11
2822,3
2823A,9
2823B,6
2824,12
2825,11
2826A,5
2826B,30
2826C,18
2826D,23
2826E,9
2827,11
2828,11
2829,12
2830,12
2831,10
2832,11
2833,13
2834,13
2835,34
2835A,27
2836,10
2837,12
2838,14
2839,14
2840,14
2841,9
2842,9
2843,11
2844,12
2845,12
2846,28
2847,20
2848,16
2849,77
2849A,17
2849B,11
2850,14
2851,28
2852,30
2854,22
2855,23
2856,21
2870,12
2870A,9
2872,48
2873,6
2874,8
2875,7
2878,3
2880,26
2880A,4
2880B,40
2880C,25
2880D,19
2880E,18
2880F,25
2900,5
2901,16
2902,30
2903,22
2904,15
2905,5
2906,13
2908,27
2909,18
2910,19
2911,30
2912,26
2913,69
2914,19
2915,16
2916,17
2917,13
2918,14
2919,15
2920,16
2921,22
2922,10
2923,13
2924,19
2930,11
2931,15
2932,17
2933,18
2934,22
2935,18
2936,19
2937,28
2938,52
2939,39
2940,33
2941,26
2942,24
2947,39
2948,93
2949,63
2950,37
2951,32
2951A,39
2951B,33
2951C,45
2951D,53
2952,8
2956,43
2957,13
2958,13
2959,21
2959B,138
2960,83
2961,26
2962,27
2963,22
2975,99
3000,15
3001,8
3002,25
3003,88
3004,78
3005,43
3006,30
3007,11
3008,36
3010,26
3011,21
3012,49
3013,59
3014,32
3015,12
3016,9
3017,17
3018,5
3019,15
3020,11
3021,37
3022,27
3023,62
3024,51
3031,44
3032,61
3033,67
3034,36
3035,8
3036,11
3037,5
3038,13
3039,65
3041,57
3042,77
3043,75
3044,39
3055A,43
3055B,37
3057,37
3058,47
3059A,97
3059B,40
3061A,45
3061B,277
3063,46
3065,17
3065A,17
3066C,39
3066D,38
3067,17
3068,1
3069,15
3070,32
3070A,20
3085,232
3085A,73
3085B,59
3099,10
3100A,18
3100B,38
3100C,1
3100D,72
3100E,61
3100F,43
3100G,45
3100H,45
3100I,43
3100J,42
3100K,1
3100L,64
3100M,40
3100N,67
3100P,64
3100Q,53
3100R,43
3101,17
3102,20
3103,19
3104,19
3105,5
3106,38
3107,17
3108,17
3109,18
3110,19
3111,16
3112,116
3113,36
3114,37
3115,34
3116,35
3117,35
3118,22
3118A,39
3118B,37
3118C,33
3118D,32
3118E,20
3119,47
3120,45
3121,37
3122,14
3123,35
3123A,40
3123B,29
3123C,25
3123D,30
3163,13
3165,84
3167,32
3168,27
3169,22
3170,25
3171,24
3172,53
3173,54
3175A,35
3176,45
3176A,16
3177,46
3177A,31
3182,79
3183,33
3183A,33
3185,88
3185A,24
3186,34
3187,43
3190,65
3190A,26
3190B,20
3193,24
3193A,32
3196,30
3196A,2
3196B,3
3196C,23
3196E,45
3196F,34
3197,35
3200,15
3202,2
3203,55
3204,34
3205,81
3206,68
3207,97
3208,81
3209,86
3210,123
3211,95
3212,91
3213,66
3214,117
3227,56
3228A,58
3228B,91
3228C,33
3229,41
3230,36
3232,38
3232A,43
3233,20
3234,45
3235,49
3236,64
3237,24
3238,21
3239,37
3240,27
3241,30
3242,32
3243,16
3244,65
3250,52
3251,19
3252,74
3254,27
3257,6
3257A,14
3257B,13
3258,2
3259,32
3260,54
3261A,53
3262,2
3262A,55
3262B,70
3262C,96
3262E,2
3262F,6
3263,53
3264,83
3265,20
3265A,19
3265B,19
3265C,34
3267,29
3268,36
3269,21
3270,16
3301,275
3302,6
3303,34
3304,29
3305,18
3305A,24
3307,16
3307A,84
3307B,35
3311,34
3312,48
3312A,27
3321,23
3322,47
3323,59
3324,50
3325,47
3326,56
3327A,57
3327B,24
3327C,79
3327D,48
3327E,3
3327F,69
3327G,46
3327H,46
3327I,47
3335,66
3340,48
3341,66
3342,76
3342A,87
3345,63
3347,43
3347A,37
3347B,31
3347C,59
3347D,45
3347E,44
3347F,64
3349,35
3349A,24
3349B,22
3350,46
3350A,51
3350B,59
3350D,116
3350E,34
3350F,31
3350G,31
3350H,54
3350I,44
3350J,92
3355,39
3355A,50
3357,11
3357A,18
3357B,2
3357C,26
3357D,6
3357E,9
3357F,15
3357G,4
3357H,55
3357I,20
3357J,8
3389,40
3390B,253
3390D,26
3390F,5
3392,41
3393,33
3394,51
3395,37
3397,34
3398,42
3400,93
3402,45
3403,78
3404,40
3405,15
3406,63
3407,165
3408,146
3409,1
3410,89
3411,38
3413,77
3414,54
3415,24
3416,58
3417,138
3418,47
3418A,65
3420,21
3421,54
3422,76
3423,19
3424,114
3426,61
3427,80
3429,2
3434,2
3435,39
3438B,10
3442,50
3443,61
3444,23
3445,53
3446,88
3447,70
3448,42
3453,93
3454,48
3455,25
3457,53
3459,63
3461,75
3463A,41
3463B,41
3463C,77
3463D,18
3463E,36
3463F,48
3499,3
3500,11
3501,65
3502,38
3502A,92
3503,62
3504,59
3504A,17
3504B,5
3504C,2
3504D,43
3504E,42
3510,67
3511,83
3511C,73
3511D,4
3518A,54
3518B,57
3518C,69
3523,84
3524,3
3525B,49
3526,127
3528,105
3530,98
3532,129
3533,131
3534,139
3536A,51
3536B,59
3537,76
3538,40
3539,47
3540,40
3541,33
3542,120
3542A,74
3542B,36
3547,16
3550,55
3551,36
3552,43
3553,61
3554,54
3555,4
3555A,65
3555B,65
3559,5
3561,118
3563,10
3563A,49
3565,82
3566,46
3567,42
3568,1
3572,24
3574,124
3575,90
3575A,115
3575C,133
3575D,119
3576,25
3576A,97
3577,23
3578,44
3579,35
3580,32
3581,45
3582,33
3583,32
3584,29
3585,13
3585A,4
3585B,2
3590,150
3590A,32
3590B,24
3590C,40
3591,46
3591A,101
3594A,66
3594B,8
3600B,5
3601,11
3602,11
3603,24
3604,1
3607,3
3608,39
3609,20
3610,21
3611,20
3612,15
3615,19
3617,40
3619,58
3620,2
3621,8
3622,9
3623,24
3624,50
3625,1
3626A,4
3626B,2
3626C,5
3630A,110
3630B,45
3634,4
3635,42
3636,34
3637,41
3638,42
3639,97
3640,44
3642,31
3642A,57
3642B,16
3642C,2
3642D,13
3643,7
3644,85
3645,50
3646,62
3647,19
3648,10
3649,45
3650B,34
3650C,51
3651,55
3652,92
3653,80
3657,58
3658,120
3664A,77
3664B,54
3669,1
3670A,58
3670B,70
3671,60
3672,41
3673,66
3675,119
3675A,45
3675B,38
3675C,30
3680,34
3680A,29
3680B,9
3680C,34
3690,5
3695A,459
3695B,287
3698C,1
3701,8
3701A,30
3701B,69
3701C,84
3701D,145
3701E,82
3701F,25
3701G,41
3702,368
3703,16
3704,12
3704A,1
3704B,8
3705,13
3706,7
3707,12
3708,66
3708A,11
3710,14
3710A,14
3711,9
3713,14
3714,7
3715,17
3717,16
3718,7
3719,36
3719A,24
3720,12
3721,14
3722,20
3723,49
3724,66
3725,21
3726,29
3727,17
3728,9
3729,16
3730,1
3732,206
3732A,82
3732B,50
3734,69
3735,31
3736,25
3800,8
3801,13
3802,1
3803,37
3804,67
3805,72
3806,94
3807,1
3808,38
3809,23
3810,44
3811,40
3812,5
3813,59
3814,75
3815,86
3816,68
3817,61
3818,40
3819,15
3820,10
3821,10
3822,68
3823,73
3824,50
3825,49
3826,63
3827,70
3828,51
3829,43
3830,30
3831,30
3832,41
3833,45
3834,66
3836A,99
3836B,48
3837,106
3838,49
3839,35
3840,51
3841,36
3842,46
3843,47
3844,122
3845,102
3846,86
3847,114
3848,48
3849,46
3850,24
3851,32
3852,40
3853,40
3854,38
3855,18
3856,44
3857,61
3857A,53
3858,41
3859,37
3860,22
3861,25
3862,8
3863,7
3864,93
3865,3
3866,67
3867,193
3869,3
3871,11
3872,2
3872B,40
3875,50
3876,53
3877,49
3878,41
3879A,41
3879B,48
3881,38
3881A,3
3882,14
3883,14
3884,37
3885,8
3900,15
3902,43
3903,64
3903A,60
3903B,31
3904,48
3908,30
3911,28
3912,26
3913,99
3913A,55
3913B,60
3913C,27
3913D,7
3919,14
3920,17
3935,135
3936,102
3937,74
3938,31
3941,36
3941A,35
3941B,61
3941C,52
3942,46
3942A,34
3943,11
3944,16
3945,29
3946,22
3947,26
3948,8
3949,21
3949B,23
3949C,19
3949D,16
3950,42
3951,34
3952,65
3953,43
3954,34
3955,45
3956,46
3957,36
3958,28
3959,38
3960,32
3961,30
3962,51
3963,32
3964,30
3965,66
3966,31
3967,29
3969,41
3969A,70
3969E,62
3969F,56
3969G,54
3969H,54
3969I,60
3969J,76
3969L,70
3969M,138
3970,43
3970A,46
3970B,44
3970C,78
3970D,75
3970E,71
3970F,369
3970G,24
3971,9
3971A,35
3971B,50
3971C,58
3971D,22
3971E,27
3971F,40
3971G,65
3971H,68
3971I,36
3971J,30
3971K,76
3972,17
3972A,75
3972B,26
3972C,42
3972D,83
3972E,112
3972F,29
3972G,44
3972H,44
3972I,44
3972J,26
3972K,18
3972L,36
3972M,36
3972N,36
3972O,94
3973,24
3973C,88
3973D,26
3974,34
3975,26
3976,50
3976A,78
3977,27
3977A,30
3977B,36
3978,31
3979,28
3980,29
3981,29
3982,45
3983,43
3984,43
3985,42
3986,13
3986A,13
3986B,16
3986C,10
3986D,12
3986E,23
3986F,42
3986H,103
3988,29
3989,26
3990,24
3991,43
3991A,36
3992,35
3993,27
3994,25
3995,25
4000,44
4001,47
4002,42
4003,43
4004,43
4005,59
4006,51
4007,39
4008,22
4010A,2
4010B,29
4010C,34
4010D,29
4010E,42
4010F,15
4010G,33
4010H,18
4010I,44
4010J,15
4010K,13
4010L,43
4010M,14
4010N,36
4010P,13
4010Q,33
4011,3
4011A,31
4011B,70
4012,58
4012A,46
4013A,39
4013B,33
4017,48
4018,46
4019,42
4020,48
4021A,5
4021B,39
4021C,91
4022,38
4024,61
4028,7
4028A,27
4029,24
4030,9
4031,1
4032,2
4039,37
4041,53
4041A,58
4044,49
4045,16
4046,36
4047,4
4048,73
4048A,69
4049B,15
4049C,38
4050B,29
4050E,71
4051,17
4051A,30
4051B,40
4052,9
4053,85
4056,59
4056A,77
4057,54
4057A,72
4058,55
4058A,74
4059,52
4059A,59
4059B,30
4059C,44
4061,40
4062,35
4063,36
4066,24
4066A,7
4068,3
4070A,103
4071,72
4072,35
4072A,59
4074,26
4074A,65
4074B,72
4074C,23
4075,20
4076,17
4076A,15
4078,7
4079,51
4080,52
4082,15
4086,6
4088,10
4091,9
4092,72
4093,21
4094,42
4095,41
4096,45
4097,42
4098,60
4099,28
4100,16
4106,11
4108,78
4109,38
4110,25
4111,19
4114A,121
4114B,51
4114C,55
4114D,5
4114E,49
4114F,53
4114G,55
4114H,81
4114I,117
4120,78
4123,73
4123A,86
4127,58
4128,74
4129,59
4130,45
4131,53
4132,67
4133,34
4137,130
4138,46
4139,71
4139A,39
4139B,6
4141,28
4142,39
4143,47
4144,44
4145,31
4146,48
4147,12
4148,10
4149,92
4149A,42
4149B,103
4149C,83
4149D,69
4149G,72
4149H,45
4149J,46
4149K,64
4150,91
4151,92
4152,2
4153,86
4154,78
4155,65
4156,43
4156A,9
4157,30
4158,59
4159,6
4163,19
4163A,53
4163B,35
4164,22
4164A,88
4164B,70
4165,89
4166,61
4166A,34
4166B,29
4166C,48
4167,63
4168,83
4169,80
4171,175
4175,54
4175A,7
4177,30
4178,62
4179,16
4180,11
4181,1
4182,23
4184,8
4186,25
4188,37
4190,50
4191,10
4192,8
4193,14
4197,2
4198,45
4199,10
4200,13
4203,240
4204,69
4205,93
4215,8
4218,79
4232,293
4235,12
4249,16
4250,79
4251,117
4252,5
4256,180
4257,173
4258,4
4264,3
4265,23
4267,25
4268,12
4271,12
4272,12
4273,11
4274,19
4275,20
4281,88
4282,3
4283,23
4284,7
4285,12
4292,142
4293,328
4299,63
4306,18
4312,28
4313,20
4314,11
4315,12
4316,18
4317,12
4318,70
4319,29
4322,13
4323,4
4324,221
4325,192
4330,1
4331,117
4339,160
4343,74
4348,73
4349,13
4350,17
4351,18
4352,20
4353,25
4354,12
4355,13
4356,12
4357,1
4358,30
4359,17
4360,45
4365,18
4366,14
4367,45
4368,16
4369,16
4370,15
4372,20
4373,21
4374,20
4381,26
4382,13
4383,22
4384,20
4385,11
4386,23
4387,31
4388,102
4394,18
4395,30
4396,43
4397,28
4398,25
4400,31
4416,62
4419,22
4420,30
4421,88
4426,42
4429,20
4441,46
4446,11
4449,26
4450,28
4451,29
4453,38
4454,9
4455,40
4456,15
4457,16
4458,14
4459,22
4460,25
4462,10
4463,9
4464,12
4469,1
4470,11
4471,18
4472,12
4473,11
4474,16
4475,9
4476,8
4477,8
4478,10
4479,8
4480,12
4481,10
4482,8
4483,10
4484,7
4485,9
4486,9
4487,7
4488,6
4489,5
4490,3
4491,7
4492,6
4493,146
4502,125
4507,65
4510,84
4511,64
4526,34
4527,54
4528,32
4529,38
4531,30
4532,10
4533,45
4534,27
4536,16
4539,73
4543,45
4544,21
4550,45
4551,21
4552,136
4553,33
4554,6
4555,10
4556,3
4570,14
4571,7
4572,52
4573,49
4574,58
4575,38
4576,45
4577,43
4578,36
4579,37
4580,38
4581,61
4582,19
4583,25
4584,23
4585,22
4586,48
4587,83
4588,33
4589,36
4590,43
4591,12
4592,39
4593,53
4594,46
4595,52
4596,49
4600,42
4601,21
4602,89
4603,40
4604,35
4605,57
4606,57
4607,55
4608,76
4609,95
4612,31
4613,53
4614,32
4615,35
4616,139
4620,119
4621,49
4622,62
4623,66
4624,53
4626,29
4629,29
4652,2
4656,10
4660,8
4667,32
4673,52
4675,18
4684,30
4685,41
4688,27
4690,26
4691,50
4694,21
4695,20
4696,37
4697,7
4698,11
4699,8
4700,4
4701,24
4702,12
4703,12
4704,22
4705,9
4706,19
4724,13
4732,4
4733,1
4736,13
4742,35
4744,108
4747,139
4756,5
4757,3
4758,5
4759,257
4760,5
4778,32
4790,128
4791,42
4792,27
4793,46
4797,33
4798,125
4801,21
4802,12
4803,9
4804,36
4806,28
4807,1
4808,23
4809,5
4810,24
4811,78
4812,82
4820,24
4836,15
4843,17
4854,44
4867,16
4868,3
4890,27
4891,20
4892,63
4893,50
4894,8
4895,18
4896,42
4897,10
4898,15
4899,14
4900,21
4906,23
4907,15
4908,234
4909,7
4911,14
4912,89
4913,15
4914,14
4915,14
4916,33
4917,68
4918,11
4919,8
4920,27
4921,30
4922,20
4923,19
4924,19
4925,12
4926,10
4927,15
4928,17
4929,12
4930,16
4931,9
4932,16
4933,11
4934,3
4935,8
4936,19
4937,17
4938,17
4939,17
4940,17
4941,16
4942,13
4943,17
4944,14
4945,17
4946,62
4947,79
4948,6
4949,8
4952,31
4953,31
4960,18
4962,10
4963,9
4964,15
4965,14
4970,8
4971,16
4972,13
4973,29
4975,53
4976,55
4979,112
4983,46
4989,23
4991,28
4992,23
4999,26
5000,19
5001,13
5002,18
5003,31
5004,33
5005,25
5006,18
5007,23
5008,22
5009,19
5010,48
5011,26
5012,17
5014,25
5015,23
5016,21
5017,35
5018,18
5019,13
5020,22
5021,58
5022,35
5024,26
5026,22
5027,21
5028,196
5029,205
5050,22
5053,64
5069,33
5070,22
5071,12
5072,12
5073,13
5074,16
5075,8
5076,4
5080,47
5081,20
5082,15
5083,17
5084,20
5086,36
5088,28
5089,32
5090,45
5093,73
5099,20
5121,24
5122,47
5123,10
5124,23
5125,23
5126,56
5127,11
5128,96
5129,32
5130,18
5131,13
5132,15
5133,24
5134,23
5135,9
5136,48
5137,19
5138,107
5140,1
5141,111
5142,101
5146,19
5147,13
5148,22
5149,37
5150,31
5151,15
5152,38
5158,70
5162,23
5163,29
5164,24
5165,132
5170,22
5171,22
5172,21
5173,134
5177,23
5178,24
5179,22
5180,69
5181,37
5182,38
5183,130
5188,24
5190,39
5191,23
5192,29
5197,86
5198,73
5200,150
5202,19
5203,14
5204,42
5205,24
5206,6
5207,11
5208,9
5210,3
5211,53
5212,53
5213,60
5214,37
5215,25
5216,121
5217,52
5237,674
5247,2
5256,11
5260,36
5261,89
5263,110
5266,150
5267,49
5288,173
5325,129
5326,34
5333,36
5334,21
5335,7
5337,16
5338,17
5339,26
5340,11
5341,55
5342,23
5343,18
5344,10
5345,15
5346,35
5347,36
5348,32
5349,23
5351,17
5352,13
5353,13
5354,13
5355,13
5356,7
5357,16
5359,30
5360,14
5361,28
5362,32
5363,26
5364,19
5365,16
5366,78
5367,16
5368,18
5369,26
5370,22
5382,21
5383,27
5384,27
5385,20
5386,26
5387,982
5389,17
5390,32
5391,25
5393,44
5394,20
5395,18
5396,23
5398,14
5399,20
5402,31
5403,22
5404,12
5405,63
5406,22
5407,11
5408,6
5409,11
5410,15
5411,14
5412,17
5413,23
5414,62
5415,61
5416,34
5417,39
5418,37
5419,19
5420,17
5421,20
5422,32
5423,35
5424,34
5426,35
5427,21
5429,22
5431,11
5432,35
5433,32
5434,45
5435,31
5440,8
5441,1
5444,18
5445,19
5446,21
5447,16
5448,21
5451,25
5452,13
5460,123
5461,40
5463,27
5465,16
5466,32
5467,30
5468,24
5469,5
5470,37
5475,237
5476,32
5477,28
5478,14
5479,22
5480,28
5481,24
5482,42
5488,33
5489,52
5490,20
5492,70
5493,56
5494,47
5495,39
5496,7
5497,34
5498,60
5514,12
5534,43
5538,27
5539,17
5540,28
5541,32
5542,67
5545,71
5546,25
5547,59
5548,29
5551,94
5552,29
5555,407
5559,238
5570,6
5575,13
5576,11
5578,15
5579,12
5580,8
5581,16
5582,6
5583,12
5584,12
5585,13
5586,12
5588,11
5589,12
5590,14
5591,15
5594,14
5595,13
5596,14
5603,27
5609,43
5610,117
5612,38
5613,49
5614,56
5615,74
5616,21
5617,18
5618,20
5619,15
5620,14
5621,16
5622,30
5623,22
5624,16
5625,18
5627,55
5628,23
5629,19
5630,21
5631,20
5632,18
5634,17
5635,4
5636,12
5637,19
5638,24
5641,16
5642,30
5643,32
5646,28
5649,19
5650,37
5656,35
5658,35
5659,56
5660,17
5661,23
5662,25
5664,32
5668,34
5674,44
5679,28
5680,29
5681,37
5682,52
5683,16
5684,8
5685,14
5686,17
5687,19
5688,21
5689,35
5690,94
5691,72
5695,32
5704,23
5705,9
5706,11
5707,18
5708,19
5709,18
5710,33
5711,33
5713,39
5714,13
5715,14
5716,9
5717,38
5719,36
5720,11
5721,22
5722,27
5723,21
5724,122
5727,22
5728,6
5729,22
5730,35
5731,38
5732,35
5733,22
5744,17
5745,27
5746,10
5747,13
5748,24
5749,33
5750,74
5759,20
5760,43
5761,22
5762,30
5763,45
5764,28
5765,55
5766,50
5767,29
5770,10
5772,9
5773,32
5774,39
5779,22
5780,23
5781,28
5782,34
5783,89
5788,11
5789,6
5791,20
5792,18
5794,14
5795,26
5796,15
5797,67
5798,97
5804,124
5809,54
5810,70
5811,64
5812,13
5815,14
5816,14
5817,15
5818,61
5826,46
5827,42
5830,7
5831,9
5832,22
5841,39
5842,35
5843,27
5844,18
5845,14
5849,27
5850,24
5851,19
5852,20
5853,24
5854,20
5858,22
5864,80
5872,24
5883,16
5886,17
5887,13
5889,37
5890,8
5891,12
5892,19
5893,35
5894,1
5895,25
5896,19
5897,16
5898,31
5902,56
5906,79
5907,53
5908,55
5909,86
5910,14
5911,24
5912,17
5913,48
5915,64
5916,45
5917,38
5918,63
5919,76
5920,90
5921,88
5922,1
5923,44
5924,29
5926,51
5927,71
5928,63
5929,79
5930,68
5931,73
5933,88
5934,53
5935,17
5936,46
5937,72
5938,19
5939,20
5940,2
5942,57
5944,18
5945,5
5946,20
5947,13
5950,12
5951,16
5958,52
5959,19
5960,37
5963,17
5972,12
5973,29
5974,18
5985,78
5986,23
5987,26
5988,53
5989,42
5997,95
6000,53
6002,40
6003,61
6004,64
6005,103
6017,24
6018,25
6019,41
6042,43
6043,134
6044,72
6045,48
6046,23
6047,86
6048,255
6049,56
6050,74
6051,4
6055,101
6060,9
6063,9
6064,3
6065,10
6066,9
6067,6
6068,91
6069,290
6070,9
6071,12
6072,5
6073,5
6074,3
6075,9
6108,4
6109,105
6110,45
6111,76
6112,79
6113,97
6114,37
6115,92
6117,19
6118,35
6119,92
6120,109
6121,102
6122,54
6123,92
6124,116
6125,90
6126,50
6127,52
6128,44
6129,59
6130,59
6131,63
6132,79
6133,154
6134,2
6135,14
6140,10
6150,13
6151,14
6152,45
6153,41
6154,41
6155,19
6156,40
6157,41
6158,46
6159,78
6166,79
6167,19
6169,19
6172,20
6179,7
6180,16
6181,11
6182,15
6183,12
6184,2
6185,1
6186,1
6187,10
6188,10
6189,34
6190,5
6195,8
6199,20
6200,16
6201,5
6202,18
6220,30
6234,10
6235,13
6242,62
6254,3
6262,40
6263,28
6264,8
6265,60
6269,38
6270,53
6271,65
6272,68
6273,70
6274,48
6275,46
6276,160
6277,58
6278,51
6279,9
6280,11
6281,13
6282,18
6283,33
6284,28
6285,37
6286,55
6287,89
6288,61
6289,64
6290,46
6291,49
6292,51
6293,73
6294,55
6295,46
6296,47
6297,36
6298,26
6299,32
6300,58
6301,71
6302,43
6303,58
6304,35
6305,45
6306,1
6307,31
6308,1
6309,3
6310,3
6311,53
6312,49
6313,19
6314,42
6315,22
6316,1
6317,3
6318,19
6319,5
6320,3
6323,43
6324,48
6326,27
6328,48
6329,37
6330,35
6331,48
6332,19
6333,26
6339,53
6340,63
6341,52
6342,59
6343,51
6344,45
6345,46
6352,56
6353,132
6354,104
6356,66
6357,64
6358,64
6421,40
6422,36
6423,40
6424,48
6425,2
6426,16
6427,21
6428,2
6429,52
6430,31
6431,41
6432,1
6433,26
6434,37
6435,48
6436,42
6437,22
6439,44
6440,56
6441,51
6442,43
6443,44
6444,51
6445,52
6446,49
6447,21
6448,36
6449,45
6450,54
6451,20
6453,45
6454,53
6455,53
6456,52
6457,18
6458,3
6459,33
6460,45
6461,49
6462,63
6463,49
6464,30
6465,16
6466,21
6467,30
6469,42
6470,42
6471,34
6472,50
6473,30
6474,3
6476,38
6477,36
6478,45
6479,43
6480,41
6481,39
6482,40
6483,40
6484,31
6485,1
6486,7
6491,31
6492,15
6498,2
6499,1
6500,1
6505,4
6512,9
6514,2
6515,4
6516,4
6526,10
6543,2
6544,13
6550,22
6552,40
6553,37
6554,21
6556,48
6557,48
6558,44
6570,100
6571,44
6572,40
6573,40
6574,39
6577,2
6587,8
6628,32
6629,18
6643,30
6644,20
6649,21
6650,33
6694,54
6699,14
6703,28
6719,21
6721,18
6722,59
6726,24
6727,31
6728,5
6729,35
6730,30
6731,12
6732,125
6735,55
6738,27
6739,42
6740,47
6741,23
6742,44
6743,37
6744,32
6745,31
6748,5
6749,25
6750,44
6759,155
6763,37
6764,37
6765,33
6766,26
6770,78
6794,7
6795,6
6796,32
6798,22
6799,28
6804,18
6805,19
6806,12
6807,7
6808,8
6809,3
6810,6
6811,20
6812,42
6813,59
6820,15
6825,71
6826,152
6828,2
6830,12
6840,2
6850,27
6855,75
6871,10
6874,5
6915,5
6916,15
6918,11
6919,9
6920,10
6921,9
6922,5
6923,9
6925,20
6977,5
6978,16
6980,12
6984,31
6986,32
6987,52
6990,8
6991,26
6992,37
6993,43
6994,68
6995,3
6997,9
6999,1
7000,18
7001,38
7002,2
7003,2
7004,10
7005,35
7006,6
7027,13
7037,16
7039,5
7040,35
7041,13
7042,1
7043,1
7053,1
7055,20
7056,37
7057,38
7058,1
7059,17
7065,39
7066,37
7067,32
7068,1
7075,65
7076,55
7077,61
7080,23
7081,31
7082,5
7083,70
7084,44
7085,23
7086,36
7087,38
7088,30
7089,24
7090,45
7091,30
7092,26
7093,40
7094,56
7095,87
7096,59
7097,29
7098,28
7099,21
7100,23
7101,8
7102,32
7103,32
7105,47
7106,29
7107,20
7108,16
7109,16
7110,16
7111,10
7116,54
7117,17
7118,36
7119,66
7120,3
7121,18
7122,16
7123,18
7124,2
7126,8
7127,5
7128,22
7129,30
7130,18
7131,37
7132,26
7133,43
7134,34
7135,58
7136,63
7137,16
7138,96
7139,72
7140,1
7141,6
7142,1
7143,23
7165,21
7173,15
7177,12
7179,13
7182,6
7183,39
7184,37
7185,27
7186,17
7187,30
7188,11
7189,11
7190,53
7191,49
7192,29
7195,3
7196,37
7200,88
7201,25
7202,39
7203,34
7204,30
7220,1
7223,21
7224,2
7225,45
7226,29
7227,14
7228,61
7229,63
7230,16
7231,156
7245,78
7257,118
7258,48
7259,79
7260,47
7261,35
7262,34
7263,41
7264,34
7265,4
7266,8
7267,30
7268,14
7269,51
7270,1
7271,43
7272,14
7273,13
7274,46
7300,14
7323,2
7350,2
7360,20
7361,25
7362,37
7363,41
7364,31
7366,3
7368,6
7369,6
7370,2
7373,6
7377,1
7378,21
7380,18
7381,18
7384,7
7385,30
7418,4
7427,16
7435,3
7437,25
7439,12
7441,31
7443,17
7445,116
7446,67
7447,24
7449,31
7451,33
7461,1
7462,1
7463,40
7470,20
7471,29
7472,33
7473,73
7474,48
7475,19
7476,54
7477,47
7478,38
7479,35
7480,22
7481,13
7482,8
7483,38
7489,17
7490,19
7491,25
7492,10
7515,3
7516,5
7517,2
7518,1
7519,6
7521,4
7522,8
7525,9
7526,37
7530,19
7531,11
7566,16
7567,35
7610,16
7611,4
7612,11
7613,68
7614,32
7615,25
7616,43
7617,57
7618,30
7619,37
7620,65
7621,6
7622,1
7623,13
7624,30
7625,49
7628,24
7643,101
7644,88
7645,40
7646,71
7647,6
7649,27
7651,19
7652,1
7653,47
7654,7
7695,10
7696,9
7698,8
7702,2
7703,16
7704,15
7726,1
7727,17
7737,7
7738,11
7755,227
7756,16
7757,15
7758,13
7759,12
7761,29
7762,17
7763,13
7765,9
7772,168
7774,6
7779,32
7796,62
7798,16
7799,5
7800,19
7801,32
7802,16
7803,39
7804,27
7805,20
7822,17
7834,17
7835,22
7836,10
7837,13
7838,30
7839,9
7840,35
7841,86
7863,148
7865,25
7866,10
7872,1
7874,16
7876,11
7880,9
7881,5
7882,10
7883,8
7885,19
7887,1
7892,15
7897,24
7898,15
7900,81
7952,15
7955,12
7957,11
7958,115
7981,1
7983,11
7984,14
7987,39
7988,20
7991,21
7992,1
7993,17
8017,23
8018,21
8019,17
8021,43
8023,50
8024,17
8025,14
8026,25
8028,25
8030,27
8032,29
8033,19
8034,30
8035,39
8036,22
8037,23
8038,17
8091,281
8102,35
8124,13
8125,23
8127,14
8138,79
8139,101
8140,64
8141,60
8142,142
8143,55
8144,93
8145,98
8146,77
8149,68
8181,6
8182,6
8185,13
8186,21
8187,13
8188,40
8190,134
8196,8
8197,8
8198,10
8199,24
8200,24
8201,14
8207,20
8208,22
8209,20
8210,21
8211,5
8212,53
8218,11
8219,20
8220,19
8221,14
8222,24
8223,7
8225,19
8227,12
8229,19
8230,22
8231,13
8234,23
8235,29
8237,22
8238,35
8239,14
8241,21
8242,55
8243,63
8245,26
8246,24
8247,20
8248,14
8251,12
8252,21
8253,32
8254,24
8255,38
8257,22
8262,27
8264,31
8265,21
8266,34
8267,26
8268,44
8270,33
8272,16
8273,20
8274,25
8275,26
8279,28
8280,22
8281,29
8282,20
8284,12
8285,14
8286,70
8290,15
8291,5
8292,33
8293,35
8294,13
8295,13
8296,7
8297,10
8298,13
8299,1
8300,39
8301,14
8302,15
8303,13
8305,22
8306,21
8307,21
8308,19
8309,23
8310,26
8311,30
8312,24
8313,23
8314,12
8315,12
8316,26
8317,8
8318,12
8319,11
8320,12
8321,12
8322,18
8323,17
8326,5
8328,16
8329,19
8330,20
8331,19
8333,21
8334,17
8335,15
8336,12
8338,8
8339,2
8340,11
8342,28
8345,43
8346,26
8348,22
8349,23
8350,29
8352,33
8355,16
8357,16
8358,28
8359,25
8360,50
8361,32
8363,28
8367,33
8373,20
8377,16
8378,12
8379,25
8393,10
8415,76
8419,30
8420,20
8421,19
8422,27
8424,6
8429,9
8434,2
8455,3
8468,10
8469,15
8470,9
8471,16
8472,13
1885 ,7
8478,3
8480,2
1564 ,26
0509 ,1
1586 ,3
8486,7
1846 ,3
2024 ,61
8491,1
0779 ,16
1744 ,8
1257 ,1
3805 ,1
1142B,46
0366 ,1
1808 ,1
1404 ,1
1381 ,1
3949A,40
6722 ,29
6721 ,18
6719 ,21
6703 ,28
6699 ,14
6694E,232
6694D,74
6694C,80
6694B,46
6694A,64
6694 ,53
6650 ,33
6649 ,21
6644 ,20
6643 ,30
6629D,60
6629C,186
6629B,74
6629A,74
6629 ,18
6628 ,32
6607P,6
6607N,4
6607K,38
6607G,2
6607F,8
6587B,14
6587A,22
6587 ,8
6577 ,2
6574 ,39
6573 ,40
6572 ,40
6571 ,44
6570C,292
6558 ,44
6557 ,48
6556A,48
6556 ,48
6554 ,21
6553 ,37
6552 ,40
6550A,84
6550 ,22
6544 ,13
6543C,10
6543B,2
6543A,10
6543 ,2
6526 ,10
6516A,20
6516 ,4
6515 ,3
6514 ,2
6512 ,9
6505 ,3
6500 ,1
6499 ,1
6498A,14
6498 ,2
6492 ,15
6491 ,31
6486 ,7
6485 ,1
6484 ,31
6483 ,40
6482 ,40
6481 ,39
6480 ,41
6479 ,43
6478 ,45
6477 ,36
6476 ,38
6474 ,3
6473 ,30
6472 ,50
6471 ,34
6470 ,42
6469 ,42
6467 ,30
6465 ,16
6464 ,30
6463 ,49
6462 ,63
6461 ,49
6460 ,45
6459 ,33
6458 ,3
6457 ,18
6456 ,52
6455 ,53
6454 ,53
6453 ,45
6451 ,20
6450 ,54
6449 ,45
6448 ,36
6447 ,21
6446 ,49
6445 ,52
6444 ,51
6443 ,44
6442 ,43
6441 ,51
6440 ,56
6439A,84
6439 ,44
6437 ,22
6436 ,42
6435 ,48
6434 ,37
6433 ,26
6432 ,1
6431 ,41
6430 ,31
6429 ,52
6428A,2
6428 ,2
6427 ,21
6426 ,16
6425A,40
6425 ,2
6424 ,48
6423 ,40
6422 ,36
6421 ,40
6358 ,64
6357 ,64
6356 ,66
6354 ,104
6353 ,132
6352 ,56
6345D,32
6345C,80
6345B,82
6345A,98
6345 ,46
6344E,90
6344D,94
6344C,100
6344B,118
6344A,130
6344 ,45
6343 ,51
6342 ,59
6341 ,52
6340 ,63
6339 ,53
6333 ,26
6332 ,19
6331 ,48
6330 ,35
6329 ,37
6328 ,48
6326 ,27
6324 ,48
6323 ,43
6320E,46
6320A,2
6320 ,3
6319B,6
6319A,8
6319 ,5
6318C,6
6318B,6
6318 ,19
6317 ,3
6316 ,1
6315B,86
6315A,66
6315 ,22
6314 ,42
6313A,84
6313 ,19
6312 ,49
6311 ,53
6310 ,3
6309 ,3
6308 ,1
6307 ,31
6306 ,1
6305 ,45
6304 ,35
6303 ,58
6302 ,43
6301 ,71
6300 ,58
6299B,128
6299A,76
6299 ,32
6298 ,26
6297 ,36
6296 ,47
6295 ,46
6294 ,55
6293 ,73
6292 ,51
6291 ,49
6290 ,46
6289 ,64
6288 ,61
6287 ,89
6286 ,55
6285 ,37
6284 ,28
6283 ,33
6282 ,18
6281 ,13
6280 ,11
6279 ,9
6278 ,51
6277A,140
6277 ,58
6276 ,160
6275 ,46
6274 ,48
6273 ,70
6272 ,68
6271 ,65
6270 ,53
6269C,4
6269B,82
6269A,76
6269 ,38
6265A,108
6265 ,60
6264A,10
6264 ,8
6263 ,28
6262 ,40
6254D,44
6254C,64
6254B,10
6254A,6
6254 ,3
6242E,72
6242D,38
6242C,36
6242 ,62
6235B,16
6235A,42
6235 ,13
6234 ,10
6220 ,32
6202 ,18
6201 ,5
6200 ,16
6199 ,20
6195 ,8
6189 ,34
6188 ,10
6187 ,10
6186 ,1
6185 ,1
6184 ,2
6183 ,12
6182 ,17
6181 ,11
6180 ,16
6179 ,7
6172A,10
6169 ,19
6167 ,19
6166 ,79
6159A,104
6159 ,77
6158A,80
6158 ,46
6157 ,41
6156 ,40
6155 ,19
6154 ,41
6153 ,41
6152 ,45
6151 ,14
6150A,32
6150 ,13
6140 ,10
6135B,478
6135A,40
6135 ,14
6134A,8
6134 ,2
6133 ,154
6132 ,79
6131 ,63
6130 ,59
6129 ,59
6128 ,44
6127 ,52
6126 ,50
6125 ,90
6124 ,116
6123 ,92
6122 ,54
6121 ,102
6120 ,109
6119 ,92
6118 ,35
6117 ,19
6115 ,92
6114 ,37
6113 ,97
6112 ,79
6111 ,76
6110 ,45
6109 ,105
6108D,16
6108C,18
6108B,8
6108A,14
6108 ,4
6075 ,9
6074 ,3
6073 ,5
6072R,68
6072P,24
6072N,88
6072L,104
6072K,128
6072J,18
6072H,146
6072G,244
6072F,94
6072E,164
6072D,110
6072C,106
6072B,92
6072A,154
6072 ,5
6071 ,12
6070 ,9
6069 ,290
6068 ,91
6067 ,6
6066 ,9
6065 ,10
6064 ,3
6063 ,9
6060 ,9
6055 ,101
6051 ,4
6050 ,74
6049 ,56
6048 ,255
6047 ,86
6046 ,23
6045 ,48
6044 ,72
6043 ,134
6042Q,10
6042P,438
6042O,154
6042N,72
6042K,106
6042J,346
6042C,4
6042B,260
6042A,192
6042 ,43
6019P,160
6019O,28
6019J,48
6019F,30
6019E,40
6019D,42
6019C,22
6019B,104
6019A,62
6019 ,41
6018 ,25
6017 ,24
6005C,124
6005B,94
6005A,28
6005 ,103
6004 ,64
6003 ,61
6002 ,40
6000 ,53
5997 ,95
5989A,58
5989 ,42
5988 ,53
5987 ,26
5986 ,23
5985 ,78
5974 ,18
5973 ,29
5972 ,12
5963A,68
5963 ,17
5960A,40
5960 ,37
5959 ,19
5958 ,52
5953L,26
5953K,114
5953J,58
5953G,70
0633 ,1
1633 ,1
1020 ,1
1023 ,1
8491 ,17
8490A,1
8490 ,9
8489 ,12
8488 ,12
8487 ,23
8486 ,26
8485 ,18
8393I,84
8300 ,39
8299 ,1
8298A,2
8298 ,13
8297 ,10
8296 ,7
8295 ,13
8294A,30
8294 ,13
8293 ,35
8393H,48
8393G,170
8393C,2
8393B,8
8393 ,10
8379 ,25
8378 ,12
8377 ,16
8373D,24
8253 ,32
8252 ,21
8251 ,12
8248A,70
8248 ,14
8247 ,20
8246 ,24
8292 ,33
8291 ,5
8290 ,15
8286D,6
8286C,58
8286B,22
8286 ,70
8285 ,14
8284 ,12
8282 ,20
8212 ,53
8211A,26
8211 ,5
8210 ,21
8209 ,20
8208 ,22
8207A,10
8207 ,20
8201A,2
8201 ,14
8144 ,93
8143 ,55
8373C,62
8373B,4
8373A,22
8373 ,20
8367 ,33
8363A,48
8363 ,28
8361 ,32
8360 ,50
8359 ,25
8358 ,28
8357 ,16
8355A,28
8355 ,16
8352 ,33
8350 ,29
8139E,76
8139D,96
8139C,14
8139B,8
8102H,8
8102G,66
8102F,46
8102E,48
8102D,94
8032 ,29
8030I,20
8030H,130
8030G,26
8030F,20
8030E,52
8349 ,23
8348 ,22
8346A,50
8346 ,26
8345 ,43
8342 ,28
8340A,16
8340 ,11
8339 ,2
8484 ,17
8483A,7
8483 ,6
8480C,19
8480B,1
8480A,12
8480 ,18
8478 ,18
8476 ,9
8474 ,2
8473 ,18
8472 ,15
8471 ,16
8470 ,9
8469 ,15
8468A,6
8468 ,10
8455 ,3
8338 ,8
8336A,44
8336 ,12
8335 ,15
8334 ,17
8333 ,21
8331 ,19
8330 ,20
8329 ,19
8328 ,16
8326 ,5
8281 ,29
8280 ,22
8279 ,28
8275 ,26
8274 ,25
8273 ,20
8272 ,16
8245 ,26
8243 ,63
8242 ,55
8241 ,21
8239A,32
8239 ,14
8200 ,24
8199 ,24
8198 ,10
8197 ,8
8196 ,8
8190A,48
8142 ,142
8141 ,60
8139 ,101
8138 ,79
8102C,98
8102B,84
8102A,94
8102 ,35
8030D,50
8030B,252
8030A,50
8030 ,27
7993C,156
7993B,138
7987 ,39
7984 ,14
7983 ,11
7981 ,1
7958 ,115
7900C,60
7900B,2
7900A,52
7841M,4
7841 ,86
7800 ,19
7799 ,5
7798 ,16
7796 ,62
7779 ,32
7774A,28
7774 ,6
7738 ,11
7737 ,7
7727 ,17
7726 ,1
7704 ,15
7654 ,7
7653D,36
7653C,56
7644 ,88
7615 ,25
7614 ,32
7613 ,68
7612N,18
7612M,2
7612L,6
7612K,8
7481B,18
7481A,16
7481 ,13
7480 ,22
7479 ,35
7478A,2
7478 ,38
7477 ,47
7470N,8
7470M,10
7470L,12
7470K,96
7470J,34
7470 ,20
7463 ,40
7462 ,1
7461 ,1
7451 ,33
7449 ,31
7419D,68
7419C,46
7419B,8
7419A,6
7418B,4
7418A,4
7418 ,4
7386H,16
7386G,6
7386E,2
7386D,4
7386B,4
7386A,4
7385 ,30
7384 ,7
7381 ,18
7380 ,18
7378 ,21
7377 ,1
7270 ,1
7269 ,51
7268 ,14
7267 ,30
7266 ,8
7265 ,4
7264 ,34
7245B,72
7245A,114
7224 ,2
7223 ,21
7220 ,1
7204 ,30
7203 ,34
7202 ,39
7201 ,25
7183 ,39
7182 ,6
7179 ,13
7177 ,12
7173A,30
7173 ,15
7134 ,34
7133 ,43
7132 ,26
7131 ,37
7130 ,18
7105 ,47
7103 ,32
7102 ,32
7101 ,8
7100 ,23
7099 ,21
7094 ,56
7093 ,40
7092 ,26
7091 ,30
7076 ,55
7075 ,65
7068B,160
7068A,106
7068 ,1
7067 ,32
7066 ,36
7065 ,39
7059 ,17
7058 ,1
7057A,44
7057 ,38
7056A,70
7056 ,37
7055 ,20
7027H,42
7027G,48
7027F,54
7027E,8
7027D,90
7027C,44
7027B,34
7027A,28
7027 ,13
7006 ,6
7005 ,35
7004 ,10
7003 ,2
7002 ,2
7001 ,38
7000 ,18
6999B,8
6999 ,1
6997 ,9
6995 ,3
7053B,24
7053A,24
7053 ,1
7043 ,1
7042 ,1
7041 ,13
7040 ,35
7039 ,5
7037B,8
7037A,18
7037 ,16
7027L,66
7027K,56
7027J,30
7027I,8
6994 ,68
6993 ,43
6992 ,37
6991 ,26
6990 ,8
6987 ,52
6986 ,32
6984 ,31
6980 ,12
6978 ,16
6977 ,5
6925 ,20
6923 ,9
6922 ,5
6921 ,9
6920 ,10
6919 ,9
6918 ,11
6917A,12
6916 ,15
6915 ,5
7200 ,88
7196 ,37
7195 ,3
7192 ,29
7191 ,49
7190 ,53
7189 ,11
7188 ,11
7187 ,30
7186 ,17
7185 ,27
7184A,58
7184 ,37
6874A,20
6874 ,5
6871C,6
6871B,4
6871 ,10
6855 ,75
6850 ,27
6840 ,2
6830 ,12
6828 ,2
7165A,160
7165 ,21
7162 ,1
7143 ,23
7142 ,1
7141 ,6
7140 ,1
7139A,72
7139 ,72
7138 ,96
7137 ,16
7136 ,63
7135 ,58
6826 ,152
6825 ,71
7129 ,30
7128 ,22
7127 ,5
7126 ,8
7124 ,2
7123 ,18
7122 ,16
7121 ,18
7120 ,3
7119 ,66
7118 ,36
7117 ,17
7116 ,54
7111 ,10
7110 ,16
7109 ,16
7108 ,16
7107 ,20
7106 ,29
6820 ,15
6813 ,59
6812 ,42
6811 ,20
6810 ,6
6809 ,3
6808 ,8
6807 ,7
6806 ,12
6805 ,19
7098 ,28
7097 ,29
7096 ,59
7095C,70
7095A,308
7095 ,87
7471 ,29
7470S,150
7470R,76
7470P,120
7470G,274
7470F,30
7470E,116
7470D,134
7470C,44
7470B,112
7470A,260
7447 ,24
7446 ,67
7445 ,116
7443A,16
7443 ,17
7441A,66
7441 ,31
7439A,32
7439 ,12
7437A,60
7437 ,25
7435A,6
7435 ,3
7427 ,16
7090 ,45
7089 ,24
7088 ,30
7087 ,38
7086 ,36
7085 ,23
7373 ,6
7370 ,2
7369 ,6
7368 ,6
7366 ,3
7364 ,31
7363 ,41
7362 ,37
7361 ,25
7360 ,20
7350 ,2
7335G,36
7335F,6
7335E,12
7335D,18
7335B,12
7335A,37
7323D,2
7323C,14
7323B,4
7323 ,2
7300 ,14
7274A,4
7274 ,46
7273 ,13
7272 ,14
7271 ,43
7084 ,44
7083 ,70
7082 ,5
7081 ,31
7080 ,23
7077 ,61
7654F,32
7654E,98
7654D,92
7654C,88
7654B,46
7654A,430
7263 ,41
7262 ,34
7261 ,35
7260 ,47
7653B,102
7653A,30
7653 ,47
7652 ,1
7651 ,19
7650C,184
7649A,104
7649 ,27
7647 ,6
7646 ,71
7645 ,40
7259 ,79
7258 ,48
7257 ,118
7245D,4
7245C,64
7643 ,101
7628 ,24
7625 ,49
7624 ,30
7623 ,13
7622 ,1
7621 ,6
7620 ,65
7619 ,37
7618 ,30
7617 ,57
7616 ,43
7612J,168
7612G,10
7612F,4
7612E,48
7612D,18
7612C,60
7612A,14
7612 ,11
7611 ,4
7610 ,16
7567A,32
7567 ,35
7566 ,16
7531 ,11
7530 ,25
7526 ,37
7525 ,9
7522 ,8
7521 ,4
7519 ,6
7518 ,1
7517 ,2
7516 ,5
7515 ,3
7511A,32
7900 ,81
7898 ,15
7897 ,23
7892E,28
7892D,38
7892C,16
7892A,6
7892 ,15
7887B,20
7887 ,1
7885 ,19
7883 ,8
7882 ,10
7881 ,5
7880 ,9
7878A,18
7876A,16
7876 ,11
7874A,60
7874 ,16
7872A,34
7872 ,1
7868B,88
7866 ,10
7865 ,25
7863 ,148
7245 ,78
7231 ,156
7230 ,12
7841L,164
7841K,180
7841J,94
7841H,232
7841G,24
7841C,86
7841B,98
7841A,198
7840 ,35
7839 ,9
7838 ,30
7837 ,13
7836 ,10
7835 ,22
7834 ,17
7822 ,17
7805F,6
7805E,48
7805D,46
7805C,2
7805B,60
7805A,54
7805 ,20
7804 ,27
7803 ,39
7802 ,16
7801 ,32
7492C,832
7492B,56
7492A,22
7492 ,10
7491 ,25
7490 ,19
7489 ,17
7483 ,38
7482 ,8
7481C,44
8102L,96
8102K,100
8102J,92
8102I,130
7772 ,168
7765 ,9
7763 ,13
7762 ,17
8127A,252
8127 ,14
8125A,16
8125 ,23
8124 ,13
8102N,138
8102M,72
7761 ,29
7759A,28
7759 ,12
7758 ,13
7757 ,15
7756 ,16
7755 ,227
8038 ,17
8037 ,23
8036 ,22
8035 ,39
8034 ,30
8033 ,19
8091 ,281
7229 ,63
7228 ,61
7227 ,14
7226 ,29
7225 ,45
7703K,26
7703J,12
7703I,4
7703H,10
7703E,14
7703D,44
7703C,14
7703B,58
7703A,12
7703 ,16
7702 ,2
7698 ,8
7696 ,9
7695 ,10
8262A,30
8262 ,27
8257B,82
8257A,54
8257 ,22
8255 ,38
8254 ,24
8028B,106
8028A,20
8028 ,25
8026 ,25
8025 ,14
8024 ,17
8023A,36
8023 ,50
8021 ,43
8019 ,17
8018 ,21
8017A,26
8017 ,23
7993E,4
7993D,138
8223 ,7
8222 ,24
8221 ,14
8220 ,19
8219 ,20
8218B,20
8218A,34
8218 ,11
8212A,128
8434F,64
8434E,6
8434D,48
8434C,28
8434B,2
8434A,26
8434 ,2
8429 ,9
8424B,24
8424A,32
8424 ,6
8422 ,27
8421 ,19
7654H,385
7654G,674
8323 ,17
8322 ,18
8321 ,12
8320 ,12
8319 ,11
8318 ,12
8317 ,8
8316 ,26
8315 ,12
8314 ,12
8313 ,23
8312 ,24
8393P,2
8393O,4
8393N,162
8393M,16
8393L,12
8393K,26
8270 ,33
8268 ,44
8267 ,26
8266 ,34
8265 ,21
8264 ,31
8262B,52
8146 ,77
8145 ,98
7993A,686
7993 ,17
7992 ,1
7991 ,21
7988 ,20
8238 ,35
8237 ,22
8235 ,29
8234 ,23
8231 ,13
8230 ,22
8229 ,19
8227A,14
8227 ,12
8225 ,19
8223A,26
7476 ,54
7475 ,19
7474 ,48
7473 ,73
7472 ,33
8190 ,134
8188 ,40
8187 ,13
8186 ,21
8185 ,13
8182 ,6
8181 ,6
8149 ,68
8311 ,30
8310 ,26
8309 ,23
8308 ,19
8307 ,21
8306 ,21
8305 ,22
8303A,24
8303 ,13
8302 ,15
8301 ,14
7957 ,11
7955B,116
7955A,52
7955 ,12
7952 ,15
7900H,2
7900G,10
7900F,116
7900E,354
7900D,164
8140 ,64
8139M,4
8139L,134
8139K,44
8139J,62
8139H,26
8139G,2
8139F,416
8420 ,20
8419 ,30
8415A,8
8415 ,76
5931 ,73
5930 ,68
5929 ,79
5928 ,63
6804 ,18
6799 ,28
6798 ,22
6796 ,32
6795 ,6
6794 ,6
6771D,34
6771C,94
6770 ,78
6766A,16
6766 ,26
6765 ,33
6764 ,37
6763 ,37
6759 ,155
6750G,22
6750F,14
6750E,30
6750D,16
6750B,30
6750A,30
6750 ,44
6749 ,25
6748 ,5
6745 ,31
6744 ,32
6743 ,37
6742 ,43
6741 ,23
6740 ,47
6739 ,42
6738 ,27
6735 ,55
6732 ,125
6731 ,12
6730 ,30
6729 ,35
6728 ,5
6727 ,31
6726 ,24
6190 ,855
6172 ,700
6171 ,1
5953E,94
5953D,28
5953C,40
5953B,28
5953A,126
5951 ,16
5950 ,12
5947 ,13
5946 ,20
5945 ,5
5944 ,18
5942 ,57
5940 ,2
5939 ,20
5938 ,19
5937 ,72
5936A,84
5936 ,46
5935 ,17
5934A,142
5934 ,53
5933 ,88
5927 ,71
5926 ,51
5924 ,29
5923 ,44
5922 ,1
5921 ,88
5920 ,90
5919 ,76
5918 ,63
5917 ,38
5916 ,45
5915 ,64
5913 ,48
5912B,96
5912A,52
5912 ,17
5911B,84
5911A,52
5911 ,24
5910B,76
5910A,32
5910 ,14
5909 ,86
5908 ,55
5907 ,53
5906 ,79
5902A,22
5902 ,56
5898H,294
5898G,28
5898F,40
5898E,66
5898D,34
5898C,110
5898B,50
5898A,28
5898 ,31
5897A,28
5897 ,16
5896A,44
5896 ,19
5895A,46
5895 ,25
5894 ,1
5893 ,35
5892 ,19
5891 ,12
5890 ,8
5889 ,37
5887 ,13
5886 ,17
5883A,124
5883 ,16
5872 ,24
5864O,324
5864N,78
5864M,62
5864L,72
5864K,60
5864J,48
5864I,80
5864H,120
5864G,42
5864F,56
5864E,46
5864D,92
5864C,48
5864 ,80
5862A,60
5858A,112
5858 ,22
5854C,42
5854B,40
5854A,34
5854 ,20
5853 ,24
5852 ,20
5851 ,19
5850 ,24
5849 ,27
5845C,90
5845B,34
5845A,44
5845 ,14
5844 ,18
5843 ,27
5842 ,35
5841 ,39
5832E,98
5832D,241
5832C,196
5832B,116
5832A,34
5832 ,22
5831 ,9
5830 ,7
5827 ,42
5826 ,46
5818A,240
5818 ,61
5817 ,15
5816 ,14
5815 ,14
5812B,82
5812A,22
5812 ,13
5811A,64
5811 ,64
5810 ,70
5809 ,54
5804 ,124
5798 ,97
5797A,34
5797 ,67
5796A,26
5796 ,15
5795 ,26
5794 ,14
5792 ,18
5791 ,20
5789 ,6
5788 ,11
5786C,114
5786B,132
5786A,76
5783 ,89
5782 ,34
5781 ,28
5780 ,23
5779 ,22
5774D,38
5774C,52
5774B,42
5774A,88
5774 ,39
5773 ,32
5772 ,9
5770 ,10
5767B,22
5767A,36
5767 ,29
5766 ,50
5765 ,55
5764A,62
5764 ,28
5763 ,45
5762 ,30
5761 ,22
5760 ,43
5759 ,20
5750A,468
5750 ,74
5749 ,33
5748 ,24
5747 ,13
5746 ,10
5745A,40
5745 ,27
5744B,72
5744A,30
5744 ,17
5733E,80
5733D,348
5733C,80
5733B,52
5733A,44
5733 ,22
5732 ,35
5731 ,38
5730 ,35
5729 ,22
5728 ,6
5727 ,22
5724 ,122
5723 ,21
5722 ,27
5721 ,22
5720 ,11
5719 ,36
5717 ,38
5716 ,9
5715 ,14
5714 ,13
5713 ,39
5711A,24
5711 ,33
5710 ,33
5709 ,18
5708 ,19
5707 ,18
5706 ,11
5705 ,9
5704 ,23
5695F,444
5695E,98
5695D,124
5695A,62
5695 ,32
5691 ,72
5690 ,94
5689 ,35
5688 ,21
5687 ,19
5686 ,17
5685 ,14
5684 ,8
5683 ,16
5682 ,52
5681 ,37
5680 ,29
5679 ,28
5674D,32
5674C,54
5674B,70
5674A,80
5674 ,44
5668G,236
5668F,42
5668D,86
5668C,50
5668B,64
5668A,98
5668 ,34
5664 ,32
5662 ,25
5661 ,23
5660 ,17
5659 ,56
5658 ,35
5656 ,35
5650 ,37
5649 ,19
5646 ,28
5643 ,32
5642 ,30
5641 ,16
5638 ,24
5637 ,19
5636 ,12
5635 ,4
5634A,34
5634 ,17
5632 ,18
5631 ,20
5630 ,21
5629 ,19
5628 ,23
5627 ,55
5625 ,18
5624 ,16
5623 ,22
5622 ,30
5621 ,16
5620 ,14
5619 ,15
5618 ,20
5617 ,18
5616 ,21
5615 ,74
5614 ,56
5613 ,49
5612A,58
5612 ,38
5610 ,117
5609A,16
5609 ,43
5603K,134
5603J,48
5603H,238
5603G,106
5603F,66
5603E,32
5603D,16
5603C,18
5603B,48
5603A,38
5603 ,27
5596 ,14
5595 ,13
5594 ,14
5591 ,15
5590 ,14
5589 ,12
5588 ,11
5586 ,12
5585 ,13
5584 ,12
5583 ,12
5582 ,6
5581 ,16
5580 ,8
5579 ,12
5578 ,15
5576 ,11
5575 ,13
5570G,38
5570F,36
5570E,50
5570D,40
5570C,134
5570B,100
5570A,34
5570 ,6
5559 ,237
5555 ,407
5552 ,29
5551 ,94
5548 ,29
5547 ,59
5546 ,25
5545 ,71
5542 ,67
5541 ,32
5540 ,28
5539 ,17
5538 ,27
5534 ,43
5514A,118
5514 ,12
5506C,69
5506B,62
5506A,66
5498A,248
5498 ,60
5497 ,34
5496 ,7
5495 ,39
5494 ,47
5493 ,56
5492 ,70
5490A,36
5490 ,20
5489 ,52
5488A,86
5488 ,33
5482E,78
5482D,80
5482C,82
5482B,80
5482A,84
5482 ,42
5481 ,24
5480 ,28
5479 ,22
5478 ,14
5477 ,28
5476 ,32
5475 ,237
5470A,44
5470 ,37
5469 ,5
5468 ,24
5467 ,30
5466 ,32
5465 ,16
5463 ,27
5461 ,40
5460A,128
5460 ,123
5452A,68
5452 ,13
5451A,32
5451 ,25
5448A,34
5448 ,21
5447 ,16
5445 ,19
5445A,46
5446 ,21
5444 ,18
5441 ,1
5440 ,8
5435 ,31
5434 ,45
5433 ,32
5432 ,35
5431 ,11
5429 ,22
5427 ,21
5426 ,35
5424 ,34
5423 ,35
5422 ,32
5421 ,20
5420 ,17
5419 ,19
5418C,40
5418B,32
5418A,68
5418 ,37
5417A,62
5417 ,39
5416A,94
5416 ,34
5415 ,61
5414 ,62
5413 ,23
5412B,74
5412A,50
5412 ,17
5411B,22
5411A,34
5411 ,14
5410A,60
5410 ,15
5409A,24
5409 ,11
5408D,44
5408C,32
5408B,32
5408A,30
5408 ,6
5407 ,11
5406 ,22
5405 ,63
5404 ,12
5403 ,22
5402 ,31
5400B,28
5400A,48
5399 ,20
5398 ,14
5396A,132
5396 ,23
5395 ,18
5394 ,20
5393 ,44
5391A,74
5391 ,25
5390 ,32
5389 ,17
5387 ,982
5386 ,26
5385A,84
5385 ,20
5384B,70
5384A,106
5384 ,27
5383 ,27
5382 ,21
5370H,50
5370G,42
5370F,32
5370E,16
5370D,20
5370C,62
5370B,70
5370A,270
5370 ,22
5369 ,26
5368 ,18
5367A,32
5367 ,16
5366A,48
5366 ,78
5365 ,16
5364 ,19
5363 ,26
5362 ,32
5361A,46
5361 ,28
5360 ,14
5359 ,30
5357A,22
5357 ,16
5356 ,7
5355 ,13
5354 ,13
5353 ,13
5352 ,13
5351 ,17
5349 ,23
5348 ,32
5347 ,36
5346 ,35
5345 ,15
5344 ,10
5343 ,18
5342 ,23
5341 ,55
5340 ,11
5339 ,26
5338 ,17
5337 ,16
5335 ,7
5334 ,21
5333 ,36
5326 ,34
5325B,58
5325 ,129
5288K,22
5288J,22
5288F,6
5288E,24
5288D,472
5288C,78
5288B,14
5288A,292
5288 ,173
5267O,1678
5267J,650
5267I,246
5267H,222
5267G,202
5267F,168
5267E,188
5267D,152
5267C,98
5267B,114
5267A,156
5267 ,49
5266 ,150
5263 ,110
5261 ,89
5260 ,36
5256 ,11
5247 ,2
5237B,730
5237A,132
5237 ,674
5217 ,52
5216A,50
5216 ,121
5215 ,25
5214A,34
5214 ,37
5213 ,60
5212B,82
5212A,95
5212 ,53
5211 ,53
5210J,22
5210H,300
5210G,214
5210F,210
5210E,316
5210D,658
5210C,348
5210B,194
5210A,500
5210 ,3
5208 ,9
5207 ,11
5206 ,6
5205 ,24
5204 ,42
5203A,62
5203 ,14
5202 ,19
5200 ,150
5198 ,73
5192 ,29
5191 ,23
5190 ,39
5188 ,24
5183C,102
5183B,108
5183 ,130
5182 ,38
5181 ,37
5180A,166
5180 ,69
5179 ,22
5178 ,24
5177 ,23
5173B,60
5173A,40
5173 ,134
5172 ,21
5171 ,22
5170 ,22
5165D,134
5165C,76
5165B,98
5165A,56
5165 ,132
5164 ,24
5163 ,29
5162 ,23
5158A,318
5158 ,70
5152A,90
5152 ,38
5151 ,15
5150 ,31
5149 ,37
5148B,50
5148A,132
5148 ,22
5147 ,13
5146 ,19
5142 ,101
5141 ,111
5140P,10
5140O,2
5140N,78
5140M,200
5140K,2
5140J,52
5140H,48
5140G,110
5140F,134
5140E,88
5140D,132
5140C,206
5140B,118
5140A,168
5140 ,1
5138A,1856
5138 ,107
5137M,48
5137K,332
5137J,122
5137F,320
5137E,348
5137B,24
5137 ,19
5136A,76
5136 ,48
5135 ,9
5134 ,23
5133 ,24
5132 ,15
5131A,98
5131 ,13
5130 ,18
5129A,334
5129 ,32
5128 ,96
5127 ,11
5126 ,56
5125 ,23
5124 ,23
5123A,24
5123 ,10
5122 ,47
5121 ,24
5099A,22
5099 ,20
5093C,46
5093B,146
5093A,68
5093 ,73
5090A,126
5090 ,45
5089A,56
5089 ,32
5088A,30
5088 ,28
5086B,48
5086A,20
5086 ,36
5084 ,20
5083 ,17
5082 ,15
5081 ,20
5080 ,47
5076C,60
5076B,20
5076A,14
5076 ,4
5075 ,8
5074 ,16
5073 ,13
5072 ,12
5071A,20
5071 ,12
5070A,74
5070 ,22
5069C,38
5069B,18
5069A,8
5069 ,33
5053K,14
5053J,18
5053I,6
5053H,48
5053G,50
5053F,156
5053E,70
5053D,92
5053C,16
5053B,24
5053A,78
5053 ,64
5050A,92
5050 ,22
5029 ,205
5028 ,196
5027 ,21
5026C,92
5026A,76
5026 ,22
5024A,42
5024 ,26
5022 ,35
5021 ,58
5020 ,22
5019 ,13
5018 ,18
5017 ,35
5016 ,21
5015 ,23
5014D,8
5014C,14
5014B,40
5014A,22
5014 ,25
5012 ,17
5011 ,26
5010 ,48
5009 ,19
5008 ,22
5007 ,23
5006 ,18
5005 ,25
5004 ,34
5003 ,31
5002 ,18
5001 ,13
5000 ,19
4999 ,26
4992A,74
4992 ,23
4991 ,28
4989 ,23
4983G,74
4983F,58
4983E,70
4983D,4
4983C,26
4983B,92
4983A,32
4983 ,46
4979 ,112
4976 ,55
4975 ,53
4973 ,29
4972 ,13
4971 ,16
4970A,52
4970 ,8
4965H,26
4965G,58
4965F,36
4965E,20
4965D,40
4965C,52
4965B,32
4965A,22
4965 ,14
4964 ,15
4963 ,9
4962 ,10
4960A,472
4960 ,18
4953 ,31
4952 ,30
4949 ,8
4948C,80
4948B,8
4948A,8
4948 ,6
4947 ,79
4946 ,62
4945 ,17
4944 ,14
4943 ,17
4942 ,13
4941 ,16
4940 ,17
4939 ,17
4938 ,17
4937 ,17
4936 ,19
4935 ,8
4934 ,3
4933 ,11
4932 ,16
4931 ,9
4930 ,16
4929 ,12
4928 ,17
4927 ,15
4926 ,10
4925B,18
4925A,30
4925 ,12
4924A,42
4924 ,19
4923 ,19
4922 ,20
4921 ,30
4920 ,27
4919 ,8
4918 ,11
4917 ,68
4916D,74
4916C,112
4916 ,33
4915 ,14
4914 ,14
4913 ,15
4912 ,89
4911A,46
4911 ,14
4909A,28
4909 ,7
4908 ,234
4907 ,15
4906 ,23
4900 ,21
4899 ,14
4898 ,15
4897 ,10
4896 ,42
4895 ,18
4894 ,8
4893 ,50
4892 ,63
4891 ,20
4890A,48
4890 ,27
4868 ,3
4867 ,16
4854 ,44
4843L,36
4843K,101
4843J,58
4843I,36
4843H,42
4843G,26
4843F,28
4843E,72
4843D,56
4843C,24
4843B,38
4843A,32
4843 ,17
4836 ,15
4820F,196
4820E,90
4820D,76
4820C,34
4820B,188
4820A,50
4820 ,24
4813B,206
4812 ,82
4811 ,78
4810 ,24
4809 ,5
4808 ,23
4807 ,1
4806 ,28
4804B,156
4804A,72
4804 ,36
4803 ,9
4802 ,12
4801 ,21
4798 ,125
4797 ,33
4793 ,46
4792 ,27
4791 ,42
4790A,148
4790 ,128
4778G,48
4778F,2
4778E,1620
4778D,244
4778C,16
4778B,98
4778 ,32
4760 ,5
4759 ,257
4758 ,5
4757 ,3
4756B,218
4756A,10
4756 ,5
4747F,66
4747E,60
4747D,60
4747C,54
4747B,134
4747A,138
4747 ,139
4744A,42
4744 ,108
4742 ,35
4736C,156
4736 ,13
4733 ,1
4732 ,4
4724 ,13
4706E,50
4706C,32
4706B,28
4706A,14
4706 ,19
4705 ,9
4704 ,22
4703 ,12
4702 ,12
4701 ,24
4700A,42
4700 ,4
4699 ,8
4698 ,10
4697 ,7
4696 ,37
4695 ,20
4694 ,21
4691 ,50
4690 ,26
4688 ,27
4685 ,41
4684 ,30
4675F,104
4675E,42
4675D,50
4675C,38
4675B,50
4675A,28
4675 ,18
4673A,104
4673 ,52
4667 ,32
4660C,112
4660 ,8
4656B,16
4656A,4
4656 ,10
4652V,2
4652M,20
4652L,22
4652K,54
4652J,4
4652I,44
4652H,28
4652G,4
4652F,50
4652E,76
4652D,184
4652C,260
4652B,156
4652A,42
4652 ,2
4629 ,29
4626A,260
4626 ,29
4624 ,53
4623 ,66
4622 ,62
4621 ,49
4620 ,119
4616 ,139
4615 ,35
4614 ,32
4613 ,53
4612 ,31
4609 ,95
4608 ,76
4607 ,55
4606 ,57
4605A,194
4605 ,57
4604A,86
4604 ,35
4603 ,40
4602 ,89
4601 ,21
4600 ,42
4596 ,49
4595A,94
4595 ,52
4594 ,46
4593 ,53
4592 ,39
4591 ,12
4590 ,43
4589 ,36
4588 ,33
4587 ,83
4586 ,48
4585 ,22
4584 ,23
4583 ,25
4582 ,19
4581 ,61
4580 ,38
4579 ,37
4578 ,36
4577B,78
4577A,78
4577 ,43
4576 ,45
4575 ,38
4574 ,58
4573 ,49
4572 ,52
4571 ,7
4570 ,13
4556 ,3
4555 ,10
4554 ,6
4553 ,33
4552 ,136
4551 ,21
4550 ,45
4544D,86
4544C,108
4544B,58
4544A,64
4544 ,21
4543B,56
4543A,94
4543 ,45
4539 ,72
4536A,298
4536 ,16
4534 ,27
4533 ,45
4532 ,10
4531 ,30
4529 ,38
4528 ,32
4527 ,54
4526A,26
4526 ,34
4511H,358
4511G,74
4511F,52
4511E,2
4511D,220
4511C,134
4511B,142
4511A,146
4511 ,64
4510 ,84
4507 ,65
4502A,64
4502 ,125
4493 ,146
4492 ,6
4491 ,7
4490 ,3
4489 ,5
4488 ,6
4487 ,7
4486 ,9
4485 ,9
4484 ,7
4483 ,10
4482 ,8
4481 ,10
4480 ,12
4479 ,8
4478A,54
4478 ,10
4477 ,8
4476 ,8
4475 ,9
4474 ,16
4473 ,11
4472 ,12
4471 ,18
4470 ,11
4469 ,1
4464A,48
4464 ,12
4463 ,9
4462 ,10
4460 ,25
4459 ,22
4458 ,14
4457 ,16
4456 ,15
4455 ,40
4454 ,9
4453 ,38
4451 ,29
4450 ,28
4449 ,26
4446A,20
4446 ,11
4441B,50
4441A,52
4441 ,46
4429I,72
4429H,76
4429G,68
4429F,66
4429E,26
4429D,38
4429C,52
4429B,46
4429A,34
4429 ,20
4426C,44
4426B,22
4426A,100
4426 ,42
4421B,72
4421A,88
4421 ,88
4420 ,30
4419A,154
4419 ,22
4416A,2
4416 ,62
4400B,104
4400A,94
4400 ,31
4398 ,25
4397 ,28
4396 ,43
4395 ,30
4394 ,18
4388 ,102
4387 ,31
4386 ,23
4385 ,11
4384 ,20
4383 ,22
4382 ,13
4381 ,26
4374 ,20
4373 ,21
4372 ,20
4370 ,15
4369 ,16
4368 ,16
4367 ,45
4366 ,14
4365 ,18
4360B,360
4360A,96
4360 ,45
4359 ,17
4358 ,30
4357A,30
4357 ,1
4356 ,12
4355 ,13
4354 ,12
4353 ,25
4352 ,20
4351 ,18
4350 ,17
4349 ,13
4348 ,73
4343 ,74
4339 ,160
4331 ,118
4330 ,1
4325 ,192
4324 ,221
4323 ,4
4322 ,13
4319A,46
4319 ,29
4318 ,70
4317 ,12
4316 ,18
4315 ,12
4314 ,11
4313 ,20
4312A,92
4312 ,28
4306B,68
4306A,192
4306 ,18
4299 ,91
4293 ,327
4292 ,142
4286A,57
4285 ,12
4284 ,7
4283 ,23
4282 ,3
4276C,46
4276B,46
4276A,36
4275 ,20
4274 ,18
4273 ,11
4272 ,12
4271 ,12
4268 ,12
4267 ,25
4265 ,23
4264 ,3
4258 ,4
4257 ,173
4256 ,180
4252 ,5
4251 ,117
4250 ,79
4249 ,16
4235A,8
4235 ,12
4232 ,293
4218R,38
4218Q,36
4218P,110
4218O,24
4218N,34
4218M,68
4218J,228
4218H,50
4218G,56
4218F,108
4218E,82
4218D,100
4218C,138
4218B,30
4218A,62
4218 ,79
4215A,52
4215 ,8
4205 ,93
4204 ,69
4203 ,239
4200 ,13
4199 ,10
4198D,72
4198C,70
4198B,66
4198A,44
4198 ,45
4197 ,2
4193 ,14
4192 ,8
4191 ,10
4190B,106
4190A,128
4190 ,50
4188D,108
4188C,124
4188B,150
4188A,86
4188 ,37
4186 ,25
4184 ,8
4182 ,23
4181 ,1
4180 ,11
4179S,628
4179R,248
4179P,258
4179N,142
4179M,86
4179L,110
4179K,372
4179H,104
4179G,408
4179F,124
4179E,320
4179D,386
4179C,338
4179B,170
4179A,74
4179 ,16
4178L,2
4178K,134
4178J,88
4178I,132
4178H,132
4178G,76
4178F,132
4178E,148
4178D,78
4178C,80
4178B,68
4178A,117
0550 ,1
8393J,91
3732 ,1
5197 ,84
0310 ,1
3398 ,1
1825 ,2
1024 ,2
1815 ,5
6466 ,45
4281 ,89
6570 ,280
